{
	"format_version": "1.8.0",
	"animations": {
		"idle": {
			"loop": true,
			"animation_length": 2,
			"bones": {
				"bone": {
					"rotation": {
						"0.0": {
							"vector": [0, -15, 0]
						},
						"1.0": {
							"vector": [6.1446, -25.98318, -0.34869]
						},
						"2.0": {
							"vector": [0, -15, 0]
						}
					}
				},
				"bone2": {
					"rotation": {
						"0.0": {
							"vector": [0, 15, 0]
						},
						"1.0": {
							"vector": [6.1446, 25.9832, 0.3487]
						},
						"2.0": {
							"vector": [0, 15, 0]
						}
					}
				},
				"bone4": {
					"rotation": {
						"0.0": {
							"vector": [0.61275, 31.49465, 1.17278]
						},
						"0.5": {
							"vector": [0.47694, 25.49584, 1.1079]
						},
						"1.0": {
							"vector": [0, 13.5, 0]
						},
						"1.5": {
							"vector": [0, 13, 0]
						},
						"2.0": {
							"vector": [0.61275, 31.49465, 1.17278]
						}
					},
					"position": {
						"0.0": {
							"vector": [-0.3, 0, 0]
						},
						"0.5": {
							"vector": [-0.2, 0, 0]
						},
						"1.0": {
							"vector": [0, 0, 0]
						},
						"1.5": {
							"vector": [0, 0, 0]
						},
						"2.0": {
							"vector": [-0.3, 0, 0]
						}
					}
				},
				"bone5": {
					"rotation": {
						"0.0": {
							"vector": [0.61275, -31.49465, -1.17278]
						},
						"0.5": {
							"vector": [0.47694, -25.49584, -1.1079]
						},
						"1.0": {
							"vector": [0, -13.5, 0]
						},
						"1.5": {
							"vector": [0, -13, 0]
						},
						"2.0": {
							"vector": [0.61275, -31.49465, -1.17278]
						}
					},
					"position": {
						"0.0": {
							"vector": [0.3, 0, 0]
						},
						"0.5": {
							"vector": [0.2, 0, 0]
						},
						"1.0": {
							"vector": [0, 0, 0]
						},
						"1.5": {
							"vector": [0, 0, 0]
						},
						"2.0": {
							"vector": [0.3, 0, 0]
						}
					}
				},
				"Wings": {
					"position": {
						"vector": [0, 0, -1]
					}
				},
				"bone6": {
					"rotation": {
						"0.0": {
							"vector": [0.61275, -31.49465, -1.17278]
						},
						"0.5": {
							"vector": [0.47694, -25.49584, -1.1079]
						},
						"1.0": {
							"vector": [0, -13.5, 0]
						},
						"1.5": {
							"vector": [0, -13, 0]
						},
						"2.0": {
							"vector": [0.61275, -31.49465, -1.17278]
						}
					},
					"position": {
						"0.0": {
							"vector": [0.3, 0, 0]
						},
						"0.5": {
							"vector": [0.2, 0, 0]
						},
						"1.0": {
							"vector": [0, 0, 0]
						},
						"1.5": {
							"vector": [0, 0, 0]
						},
						"2.0": {
							"vector": [0.3, 0, 0]
						}
					}
				},
				"bone11": {
					"position": {
						"0.0": {
							"vector": [0, 0, 0]
						},
						"0.5": {
							"vector": [0, 1, 0]
						},
						"1.5": {
							"vector": [0, -0.92, 0]
						},
						"2.0": {
							"vector": [0, 0, 0]
						}
					}
				}
			}
		}
	},
	"geckolib_format_version": 2
}